DateTime;posX;posY;posZ;rotX;rotY;rotZ;taskState;mapInteractions
2023-10-18 16:37:11.254;-600.7;1.304999;-1242.5;0;0;0;;
2023-10-18 16:37:11.711;-600.7;1.304999;-1242.677;0;0;0;;
2023-10-18 16:37:11.998;-600.7;1.304999;-1242.736;0;0;0;;mapLog:isScreenLocked+False
2023-10-18 16:37:12.055;-600.7;1.304999;-1242.736;0;0;0;;mapLog:positionXYZ+-559.831+100+-863.2773
2023-10-18 16:37:12.229;-600.7;1.304999;-1242.736;0;0;0;;
2023-10-18 16:37:12.758;-600.7;1.304999;-1242.759;0;0;0;;
2023-10-18 16:37:13.280;-600.7;1.304999;-1242.759;0;0;0;;
2023-10-18 16:37:13.800;-600.7;1.304999;-1242.759;0;0;0;;
2023-10-18 16:37:14.329;-600.7;1.304999;-1242.759;0;0;0;;
2023-10-18 16:37:14.858;-600.7;1.304999;-1242.783;0;0;0;;
2023-10-18 16:37:15.391;-600.7;1.304999;-1242.783;0;0;0;;
2023-10-18 16:37:15.949;-600.7;1.304999;-1242.783;0;0;0;;
2023-10-18 16:37:16.463;-600.7;1.304999;-1242.783;0;0;0;;
2023-10-18 16:37:17.004;-600.7;1.304999;-1242.783;0;0;0;;
2023-10-18 16:37:17.544;-600.7;1.304999;-1242.783;0;0;0;;
2023-10-18 16:37:18.081;-600.7;1.304999;-1242.783;0;0;0;;
2023-10-18 16:37:18.324;-600.7;1.304999;-1242.783;0;0;0;DEBUG_IGNORE_ME: GameStart::scenario_selected.gameTasks.Count = 6;
2023-10-18 16:37:18.377;-600.7;1.304999;-1242.783;0;0;0;DEBUG_IGNORE_ME: GameStart::scenario_selected.gameTasks.Count = 5;
2023-10-18 16:37:18.438;-600.7;1.304999;-1242.783;0;0;0;DEBUG_IGNORE_ME: GameStart::scenario_selected.gameTasks.Count = 4;
2023-10-18 16:37:18.615;-600.7;1.304999;-1242.783;0;0;0;;
2023-10-18 16:37:19.150;-600.7;1.304999;-1242.783;0;0;0;;
2023-10-18 16:37:19.685;-600.7;1.304999;-1242.783;0;0;0;;
2023-10-18 16:37:20.221;-600.7;1.304999;-1242.783;0;0;0;;
2023-10-18 16:37:20.758;-600.7;1.304999;-1242.783;0;0;0;;
2023-10-18 16:37:21.235;-600.7;1.304999;-1242.783;0;0;0;;mapLog:positionXYZ+-559.831+100+-863.2773
2023-10-18 16:37:21.299;-600.7;1.304999;-1242.783;0;0;0;;
2023-10-18 16:37:21.417;-600.7;1.304999;-1242.783;0;0;0;;mapLog:positionXYZ+-548.2294+100+-860.3867
2023-10-18 16:37:21.836;-600.7;1.304999;-1242.783;0;0;0;;
2023-10-18 16:37:22.372;-600.7;1.304999;-1242.884;0;0;0;;
2023-10-18 16:37:22.909;-600.7;1.304999;-1243.175;0;0;0;;
2023-10-18 16:37:23.444;-600.7;1.304999;-1243.175;0;0;0;;
2023-10-18 16:37:23.980;-600.7;1.304999;-1243.396;0;0;0;;
2023-10-18 16:37:24.516;-600.7;1.304999;-1243.396;0;0;0;;
2023-10-18 16:37:25.052;-600.7;1.304999;-1243.532;0;0;0;;
2023-10-18 16:37:25.589;-600.7;1.304999;-1243.153;0;0;0;;
2023-10-18 16:37:26.121;-600.7;1.304999;-1242.953;0;0;0;;
2023-10-18 16:37:26.655;-600.7;1.304999;-1242.953;0;0;0;;
2023-10-18 16:37:27.189;-600.7;1.304999;-1242.953;0;0;0;;
2023-10-18 16:37:27.721;-600.7;1.304999;-1242.953;0;0;0;;
2023-10-18 16:37:28.257;-600.7;1.304999;-1242.953;0;0;0;;
2023-10-18 16:37:28.791;-600.7;1.304999;-1242.953;0;0;0;;
2023-10-18 16:37:29.327;-600.7;1.304999;-1242.953;0;0;0;;
2023-10-18 16:37:29.444;-600.7;1.304999;-1242.953;0;0;0;;mapLog:positionXYZ+-548.2294+100+-860.3867
2023-10-18 16:37:29.565;-600.7;1.304999;-1242.953;0;0;0;;mapLog:positionXYZ+-546.2958+100+-850.6309
2023-10-18 16:37:29.865;-600.7;1.304999;-1242.953;0;0;0;;
2023-10-18 16:37:30.404;-600.7;1.304999;-1242.953;0;0;0;;
2023-10-18 16:37:30.944;-600.7;1.304999;-1242.953;0;0;0;;
2023-10-18 16:37:31.482;-600.7;1.304999;-1242.953;0;0;0;;
2023-10-18 16:37:32.022;-600.7;1.304999;-1242.953;0;0;0;;
2023-10-18 16:37:32.560;-600.7;1.304999;-1243.068;0;0;0;;
2023-10-18 16:37:33.097;-600.7;1.304999;-1243.068;0;0;0;;
2023-10-18 16:37:33.511;-600.7;1.304999;-1243.068;0;0;0;;mapLog:positionXYZ+-546.2958+100+-850.6309
2023-10-18 16:37:33.571;-600.7;1.304999;-1243.068;0;0;0;taskAccepted;
2023-10-18 16:37:33.630;-600.7;1.304999;-1243.068;0;0;0;;mapLog:positionXYZ+-545.0654+100+-848.1016
2023-10-18 16:37:33.633;-600.7;1.304999;-1243.068;0;0;0;;
2023-10-18 16:37:34.048;-600.7;1.304999;-1243.068;0;0;0;;mapLog:positionXYZ+-545.0654+100+-848.1016
2023-10-18 16:37:34.171;-600.7;1.304999;-1243.068;0;0;0;;
2023-10-18 16:37:34.526;-600.7;1.304999;-1243.068;0;0;0;;mapLog:positionXYZ+-621.8818+100+-988.6581
2023-10-18 16:37:34.707;-600.7;1.304999;-1243.068;0;0;0;;
2023-10-18 16:37:35.241;-600.7;1.304999;-1243.068;0;0;0;;
2023-10-18 16:37:35.594;-600.7;1.304999;-1243.068;0;0;0;;mapLog:positionXYZ+-621.8818+100+-988.6581
2023-10-18 16:37:35.713;-600.7;1.304999;-1243.068;0;0;0;;mapLog:MapButtonPoiClick+PoiClick_Dude
2023-10-18 16:37:35.772;-600.7;1.304999;-1243.068;0;0;0;;mapLog:positionXYZ+-640.5146+100+-997.33
2023-10-18 16:37:35.775;-600.7;1.304999;-1243.068;0;0;0;;
2023-10-18 16:37:36.307;-600.7;1.304999;-1243.068;0;0;0;;
2023-10-18 16:37:36.840;-600.7;1.304999;-1243.068;0;0;0;;
2023-10-18 16:37:37.375;-600.7;1.304999;-1243.068;0;0;0;;
2023-10-18 16:37:37.909;-600.7;1.304999;-1243.068;0;0;0;;
2023-10-18 16:37:38.087;-600.7;1.304999;-1243.068;0;0;0;;mapLog:positionXYZ+-640.5146+100+-997.33
2023-10-18 16:37:38.206;-600.7;1.304999;-1243.068;0;0;0;;mapLog:positionXYZ+-641.5693+100+-996.6074
2023-10-18 16:37:38.445;-600.7;1.304999;-1243.068;0;0;0;;
2023-10-18 16:37:38.981;-600.7;1.304999;-1243.068;0;0;0;;
2023-10-18 16:37:39.517;-600.7;1.304999;-1243.068;0;0;0;;mapLog:positionXYZ+-641.5693+100+-996.6074
2023-10-18 16:37:39.520;-600.7;1.304999;-1243.068;0;0;0;;
2023-10-18 16:37:39.580;-600.7;1.304999;-1243.068;0;0;0;setNavigationTarget:Dude;
2023-10-18 16:37:39.581;-600.7;1.304999;-1243.068;0;0;0;;mapLog:MapButtonPoiClick+buttonOnFollowPlayer
2023-10-18 16:37:39.636;-600.7;1.304999;-1243.068;0;0;0;;mapLog:MapButtonPoiClick+PoiClick_choseYES_Dude
2023-10-18 16:37:39.695;-600.7;1.304999;-1243.068;0;0;0;;mapLog:positionXYZ+-600.4508+100+-1243.068
2023-10-18 16:37:40.057;-600.7;1.304999;-1243.068;0;0;0;;
2023-10-18 16:37:40.595;-600.7;1.304999;-1243.068;0;0;0;;
2023-10-18 16:37:41.131;-600.7;1.304999;-1242.669;0;0;0;;
2023-10-18 16:37:41.660;-601.202;1.304999;-1241.62;0;0;0;;
2023-10-18 16:37:42.175;-601.872;1.304999;-1240.428;0;0;0;;
2023-10-18 16:37:42.691;-601.872;1.155;-1238.866;0;0;0;;
2023-10-18 16:37:43.216;-601.872;1.155;-1237.275;0;0;0;;
2023-10-18 16:37:43.739;-601.872;1.155;-1235.713;0;0;0;;
2023-10-18 16:37:44.256;-601.8721;1.155;-1234.268;0;359.9028;0;;
2023-10-18 16:37:44.770;-601.8945;1.155;-1233.398;0;356.7418;0;;
2023-10-18 16:37:45.277;-601.9638;1.155;-1232.614;0;353.062;0;;
2023-10-18 16:37:45.815;-602.1204;1.155;-1231.614;0;349.3173;0;;
2023-10-18 16:37:46.333;-602.4272;1.155;-1230.207;0;346.2086;0;;
2023-10-18 16:37:46.836;-602.8311;1.155;-1228.731;0;343.1146;0;;
2023-10-18 16:37:47.370;-603.3362;1.155;-1227.224;0;339.6744;0;;
2023-10-18 16:37:47.890;-603.9197;1.155;-1225.777;0;336.3691;0;;
2023-10-18 16:37:48.397;-604.5712;1.188849;-1224.414;0;333.1542;0;;
2023-10-18 16:37:48.942;-605.3234;1.304999;-1223.071;0;329.4603;0;;
2023-10-18 16:37:49.466;-605.9525;1.304999;-1222.079;0;325.5842;0;;
2023-10-18 16:37:49.981;-606.6262;1.304999;-1221.166;0;321.5599;0;;mapLog:isScreenLocked+True
2023-10-18 16:37:49.983;-606.6262;1.304999;-1221.166;0;321.5599;0;;
2023-10-18 16:37:50.497;-607.3373;1.305;-1220.327;0;317.7535;0;;
2023-10-18 16:37:51.002;-607.5483;1.305;-1220.099;0;311.5677;0;;
2023-10-18 16:37:51.536;-607.5483;1.305;-1220.099;0;304.2206;0;;
2023-10-18 16:37:52.040;-607.5483;1.305;-1220.099;0;297.7614;0;;
2023-10-18 16:37:52.553;-607.5483;1.305;-1220.099;0;291.4577;0;;
2023-10-18 16:37:53.069;-607.5798;1.305;-1220.089;0;289.3168;0;;
2023-10-18 16:37:53.589;-608.7318;1.305;-1219.686;0;289.3168;0;;
2023-10-18 16:37:54.105;-608.9413;1.304999;-1220.055;0;287.8895;0;;
2023-10-18 16:37:54.620;-610.3108;1.305;-1219.748;0;285.4119;0;;
2023-10-18 16:37:55.130;-611.7886;1.305;-1219.349;0;285.0127;0;;
2023-10-18 16:37:55.653;-613.3251;1.305;-1218.935;0;285.0127;0;;
2023-10-18 16:37:56.165;-614.8037;1.305;-1218.848;0;285.0127;0;;
2023-10-18 16:37:56.680;-616.286;1.304999;-1218.848;0;283.6211;0;;
2023-10-18 16:37:57.200;-617.8086;1.304998;-1218.849;0;281.3467;0;;
2023-10-18 16:37:57.725;-619.3739;1.304998;-1218.849;0;279.0346;0;;
2023-10-18 16:37:58.244;-620.9164;1.304998;-1218.849;0;278.0543;0;;
2023-10-18 16:37:58.768;-622.4621;1.304997;-1218.849;0;277.8312;0;;
2023-10-18 16:37:59.298;-624.0375;1.304998;-1218.849;0;277.308;0;;
2023-10-18 16:37:59.828;-625.6207;1.304998;-1218.85;0;272.9073;0;;
2023-10-18 16:38:00.365;-627.0182;1.304998;-1218.622;0;269.1922;0;;
2023-10-18 16:38:00.922;-628.4574;1.304996;-1218.534;0;266.079;0;;
2023-10-18 16:38:01.408;-629.9966;1.305;-1218.883;0;263.4507;0;;
2023-10-18 16:38:01.931;-631.5554;1.305;-1219.154;0;261.059;0;;
2023-10-18 16:38:02.472;-632.8189;1.309291;-1219.345;0;260.0763;0;;
2023-10-18 16:38:02.988;-633.3047;1.31154;-1219.873;0;260.0003;0;;
2023-10-18 16:38:03.512;-633.1356;1.304282;-1219.999;0;260.0003;0;;
2023-10-18 16:38:04.042;-633.4581;1.303782;-1219.492;0;260.0003;0;;
2023-10-18 16:38:04.584;-633.8634;1.305059;-1219.814;0;260.0003;0;;
2023-10-18 16:38:05.093;-634.4565;1.311837;-1220.354;0;260.0003;0;;
2023-10-18 16:38:05.615;-634.4225;1.352821;-1220.43;0;260.0003;0;;
2023-10-18 16:38:06.134;-634.5923;1.376433;-1220.337;0;260.0003;0;;
2023-10-18 16:38:06.658;-634.6418;1.365929;-1220.075;0;262.3508;0;;
2023-10-18 16:38:07.179;-634.772;1.347977;-1219.776;0;267.8519;0;;
2023-10-18 16:38:07.681;-634.7767;1.316279;-1219.511;0;272.2275;0;;
2023-10-18 16:38:08.181;-634.6028;1.304433;-1219.288;0;273.756;0;;
2023-10-18 16:38:08.681;-635.3132;1.304779;-1218.85;0;273.756;0;;
2023-10-18 16:38:09.208;-635.3476;1.367909;-1218.814;0;273.5975;0;;
2023-10-18 16:38:09.728;-635.5586;1.368585;-1218.328;0;273.5975;0;;
2023-10-18 16:38:10.248;-635.7722;1.373467;-1218.881;0;273.5975;0;;
2023-10-18 16:38:10.768;-636.6006;1.30411;-1218.719;0;273.5975;0;;
2023-10-18 16:38:11.293;-637.6104;1.304999;-1218.47;0;274.3221;0;;
2023-10-18 16:38:11.812;-639.1427;1.304999;-1218.296;0;280.8698;0;;
2023-10-18 16:38:12.338;-640.6691;1.155922;-1217.874;0;289.8803;0;;
2023-10-18 16:38:12.869;-642.1168;1.155;-1217.22;0;298.8909;0;;
2023-10-18 16:38:13.382;-643.3965;1.155;-1216.385;0;307.5615;0;;
2023-10-18 16:38:13.887;-644.5352;1.155;-1215.366;0;316.232;0;;
2023-10-18 16:38:14.393;-645.3062;1.155;-1214.46;0;324.7326;0;;
2023-10-18 16:38:14.916;-645.3062;1.155;-1214.46;0;333.7433;0;;
2023-10-18 16:38:15.444;-645.4241;1.155;-1214.117;0;342.5839;0;;
2023-10-18 16:38:15.987;-645.7864;1.155;-1212.522;0;351.9346;0;;
2023-10-18 16:38:16.520;-645.8875;1.155;-1210.936;0;0.9451411;0;;
2023-10-18 16:38:17.046;-645.7389;1.155;-1209.355;0;9.955148;0;;
2023-10-18 16:38:17.575;-645.3543;1.155;-1207.844;0;18.79516;0;;
2023-10-18 16:38:18.092;-644.7485;1.155;-1206.424;0;27.63518;0;;
2023-10-18 16:38:18.617;-644.0076;1.155;-1205.036;0;28.22069;0;;
2023-10-18 16:38:19.132;-643.2894;1.155;-1203.686;0;27.88375;0;;
2023-10-18 16:38:19.650;-642.6157;1.155;-1202.407;0;26.54573;0;;
2023-10-18 16:38:20.150;-642.4003;1.182683;-1201.853;0;18.30205;0;;
2023-10-18 16:38:20.682;-642.2178;1.265037;-1200.972;0;12.28092;0;;
2023-10-18 16:38:21.207;-641.9095;1.304999;-1199.414;0;10.63401;0;;
2023-10-18 16:38:21.738;-641.7209;1.304999;-1198.164;0;5.690247;0;;
2023-10-18 16:38:22.270;-641.6693;1.304999;-1197.077;0;359.1387;0;;
2023-10-18 16:38:22.818;-641.8291;1.304999;-1196.501;0;350.1718;0;;
2023-10-18 16:38:23.323;-642.1889;1.273353;-1195.245;0;349.1392;0;;
2023-10-18 16:38:23.844;-642.5331;1.155;-1193.74;0;349.263;0;;
2023-10-18 16:38:24.374;-642.7588;1.155;-1192.167;0;355.9127;0;;
2023-10-18 16:38:24.919;-642.7457;1.155;-1190.518;0;4.948249;0;;
2023-10-18 16:38:25.431;-642.5422;1.155;-1189.024;0;9.765822;0;;
2023-10-18 16:38:25.953;-642.3372;1.217054;-1187.619;0;9.765822;0;;
2023-10-18 16:38:26.280;-642.1948;1.272096;-1186.664;0;9.765822;0;;mapLog:isScreenLocked+False
2023-10-18 16:38:26.344;-642.2016;1.273849;-1186.501;0;9.765822;0;;mapLog:positionXYZ+-637.4576+100+-1185.162
2023-10-18 16:38:26.482;-642.2415;1.266225;-1186.125;0;9.765822;0;;
2023-10-18 16:38:27.031;-642.323;1.223767;-1184.55;0;9.765822;0;;
2023-10-18 16:38:27.570;-642.4171;1.192656;-1183.075;0;9.765822;0;;
2023-10-18 16:38:28.105;-642.5049;1.155;-1181.609;0;9.765822;0;;
2023-10-18 16:38:28.634;-642.4456;1.155;-1180.048;0;9.765822;0;;
2023-10-18 16:38:29.152;-642.2362;1.259071;-1178.512;0;9.765822;0;;
2023-10-18 16:38:29.668;-641.9828;1.304704;-1176.976;0;9.765822;0;;
2023-10-18 16:38:30.203;-641.7286;1.304999;-1175.411;0;9.765822;0;;
2023-10-18 16:38:30.732;-641.4907;1.304999;-1173.845;0;9.765822;0;;
2023-10-18 16:38:31.263;-641.2222;1.304999;-1172.279;0;9.765822;0;;
2023-10-18 16:38:31.802;-640.9486;1.304999;-1170.684;0;9.765822;0;;
2023-10-18 16:38:32.349;-640.67;1.304999;-1169.059;0;9.765822;0;;
2023-10-18 16:38:32.896;-640.3914;1.304999;-1167.434;0;9.765822;0;;
2023-10-18 16:38:33.449;-640.1127;1.304999;-1165.81;0;9.765822;0;;
2023-10-18 16:38:33.964;-639.8544;1.304999;-1164.303;0;9.765822;0;;
2023-10-18 16:38:34.483;-639.6772;1.304999;-1162.838;0;9.765822;0;;
2023-10-18 16:38:35.005;-639.4138;1.304999;-1161.302;0;9.765822;0;;
2023-10-18 16:38:35.540;-639.1402;1.304999;-1159.707;0;9.765822;0;;
2023-10-18 16:38:36.082;-638.8666;1.304998;-1158.111;0;9.765822;0;;
2023-10-18 16:38:36.638;-638.5829;1.304998;-1156.457;0;9.765822;0;;mapLog:isScreenLocked+True
2023-10-18 16:38:36.640;-638.5829;1.304998;-1156.457;0;9.765822;0;;
2023-10-18 16:38:37.152;-638.3246;1.304998;-1154.95;0;9.765822;0;;
2023-10-18 16:38:37.664;-638.0662;1.304998;-1153.444;0;9.765822;0;;
2023-10-18 16:38:38.195;-637.801;1.304998;-1151.878;0;9.107086;0;;
2023-10-18 16:38:38.736;-637.592;1.304997;-1150.271;0;5.632778;0;;
2023-10-18 16:38:39.273;-637.4801;1.304997;-1148.656;0;2.26176;0;;
2023-10-18 16:38:39.811;-637.4579;1.304997;-1147.034;0;359.2186;0;;
2023-10-18 16:38:40.358;-637.5242;1.304997;-1145.416;0;355.9912;0;;
2023-10-18 16:38:40.912;-637.686;1.304997;-1143.774;0;352.7407;0;;
2023-10-18 16:38:41.455;-637.9385;1.304997;-1142.143;0;349.5883;0;;
2023-10-18 16:38:42.011;-638.2859;1.304998;-1140.5;0;346.5268;0;;
2023-10-18 16:38:42.563;-638.7109;1.304998;-1138.906;0;343.5753;0;;
2023-10-18 16:38:43.126;-639.2274;1.304998;-1137.308;0;340.5469;0;;
2023-10-18 16:38:43.665;-639.8038;1.304998;-1135.794;0;337.74;0;;
2023-10-18 16:38:44.187;-639.9905;1.305001;-1135.124;0;336.5687;0;;
2023-10-18 16:38:44.712;-639.972;1.305001;-1135.11;0;336.5687;0;;
2023-10-18 16:38:45.248;-639.5105;1.305001;-1134.506;0;336.5687;0;;
2023-10-18 16:38:45.774;-639.4365;1.304998;-1134.393;0;336.5687;0;;
2023-10-18 16:38:46.299;-639.4365;1.304998;-1134.393;0;335.9615;0;;
2023-10-18 16:38:46.826;-639.4827;1.304998;-1134.3;0;332.6458;0;;
2023-10-18 16:38:47.351;-639.6948;1.304998;-1133.923;0;328.8812;0;;
2023-10-18 16:38:47.872;-639.7343;1.304998;-1133.858;0;328.3552;0;;
2023-10-18 16:38:48.397;-639.7343;1.304998;-1133.858;0;328.3552;0;;
2023-10-18 16:38:48.921;-639.7343;1.304998;-1133.858;0;328.3552;0;;
2023-10-18 16:38:49.442;-639.7343;1.304998;-1133.858;0;328.3552;0;;
2023-10-18 16:38:49.965;-639.8153;1.304998;-1133.726;0;328.3552;0;;
2023-10-18 16:38:50.494;-640.6405;1.304998;-1132.389;0;328.3552;0;;
2023-10-18 16:38:51.021;-641.4751;1.304998;-1131.037;0;328.3552;0;;
2023-10-18 16:38:51.150;-641.6798;1.304998;-1130.705;0;328.3552;0;;mapLog:isScreenLocked+False
2023-10-18 16:38:51.538;-642.2939;1.304998;-1129.71;0;328.3552;0;;
2023-10-18 16:38:52.050;-642.8894;1.304998;-1128.745;0;328.3552;0;;
2023-10-18 16:38:52.561;-642.8894;1.304998;-1128.745;0;328.3552;0;;mapLog:positionXYZ+-642.8894+100+-1128.745
2023-10-18 16:38:52.563;-642.8894;1.304998;-1128.745;0;328.3552;0;;
2023-10-18 16:38:52.629;-642.8894;1.304998;-1128.745;0;328.3552;0;;mapLog:positionXYZ+-644.8744+100+-1135.91
2023-10-18 16:38:53.078;-642.8894;1.304998;-1128.745;0;328.3552;0;;
2023-10-18 16:38:53.462;-642.8894;1.304998;-1128.745;0;328.3552;0;;mapLog:positionXYZ+-644.8744+100+-1135.91
2023-10-18 16:38:53.529;-642.8894;1.304998;-1128.745;0;328.3552;0;checkedIn:Dude;
2023-10-18 16:38:53.530;-642.8894;1.304998;-1128.745;0;328.3552;0;DEBUG_IGNORE_ME: scenario_selected.gameTasks.Count = 3;
2023-10-18 16:38:53.591;-642.8894;1.304998;-1128.745;0;328.3552;0;;mapLog:positionXYZ+-644.9941+100+-1134.711
2023-10-18 16:38:53.592;-642.8894;1.304998;-1128.745;0;328.3552;0;;
2023-10-18 16:38:53.720;-642.8894;1.304998;-1128.745;0;328.3552;0;DEBUG_IGNORE_ME: GameStart::scenario_selected.gameTasks.Count = 3;
2023-10-18 16:38:54.109;-642.8894;1.304998;-1128.745;0;328.3552;0;;
2023-10-18 16:38:54.622;-642.8894;1.304998;-1128.745;0;328.3552;0;;
2023-10-18 16:38:55.136;-642.8894;1.304998;-1128.745;0;328.3552;0;;
2023-10-18 16:38:55.654;-642.8894;1.304998;-1128.745;0;328.3552;0;;
2023-10-18 16:38:56.171;-642.8894;1.304998;-1128.745;0;328.3552;0;;
2023-10-18 16:38:56.692;-642.8894;1.304998;-1128.745;0;328.3552;0;;
2023-10-18 16:38:57.212;-642.8894;1.304998;-1128.745;0;328.3552;0;;
2023-10-18 16:38:57.278;-642.8894;1.304998;-1128.745;0;328.3552;0;;mapLog:positionXYZ+-644.9941+100+-1134.711
2023-10-18 16:38:57.342;-642.8894;1.304998;-1128.745;0;328.3552;0;taskAccepted;
2023-10-18 16:38:57.409;-642.8894;1.304998;-1128.745;0;328.3552;0;;mapLog:positionXYZ+-643.1884+100+-1135.296
2023-10-18 16:38:57.733;-642.8894;1.304998;-1128.745;0;328.3552;0;;
2023-10-18 16:38:58.256;-642.8894;1.304998;-1128.745;0;328.3552;0;;
2023-10-18 16:38:58.778;-643.0088;1.304998;-1128.649;0;328.3552;0;;
2023-10-18 16:38:59.301;-643.0088;1.304998;-1128.649;0;328.3552;0;;
2023-10-18 16:38:59.822;-643.0088;1.304998;-1128.649;0;328.3552;0;;
2023-10-18 16:39:00.344;-643.0088;1.304998;-1128.649;0;328.3552;0;;
2023-10-18 16:39:00.873;-643.0088;1.304998;-1128.649;0;328.3552;0;;
2023-10-18 16:39:01.397;-643.0088;1.304998;-1128.649;0;328.3552;0;;
2023-10-18 16:39:01.920;-643.0088;1.304998;-1128.649;0;328.3552;0;;
2023-10-18 16:39:02.444;-643.0088;1.304998;-1128.649;0;328.3552;0;;
2023-10-18 16:39:02.970;-643.0088;1.304998;-1128.649;0;328.3552;0;;
2023-10-18 16:39:03.495;-643.0088;1.304998;-1128.649;0;328.3552;0;;
2023-10-18 16:39:04.023;-643.0088;1.304998;-1128.649;0;328.3552;0;;
2023-10-18 16:39:04.551;-643.0088;1.304998;-1128.649;0;328.3552;0;;
2023-10-18 16:39:05.081;-643.0088;1.304998;-1128.649;0;328.3552;0;;
2023-10-18 16:39:05.611;-643.0088;1.304998;-1128.649;0;328.3552;0;;
2023-10-18 16:39:06.142;-643.0088;1.304998;-1128.649;0;328.3552;0;;
2023-10-18 16:39:06.203;-643.0088;1.304998;-1128.649;0;328.3552;0;;mapLog:positionXYZ+-643.1884+100+-1135.296
2023-10-18 16:39:06.341;-643.0023;1.304998;-1128.655;0;328.3552;0;;mapLog:positionXYZ+-651.6987+100+-1131.203
2023-10-18 16:39:06.670;-643.0023;1.304998;-1128.655;0;328.3552;0;;
2023-10-18 16:39:07.193;-643.0023;1.304998;-1128.655;0;328.3552;0;;
2023-10-18 16:39:07.721;-643.0023;1.304998;-1128.655;0;328.3552;0;;
2023-10-18 16:39:08.249;-643.0023;1.304998;-1128.655;0;328.3552;0;;
2023-10-18 16:39:08.776;-643.0023;1.304998;-1128.655;0;328.3552;0;;
2023-10-18 16:39:09.308;-643.0023;1.304998;-1128.655;0;328.3552;0;;
2023-10-18 16:39:09.839;-643.0023;1.304998;-1128.655;0;328.3552;0;;mapLog:searchText+kiosk
2023-10-18 16:39:09.840;-643.0023;1.304998;-1128.655;0;328.3552;0;;
2023-10-18 16:39:10.372;-643.0023;1.304998;-1128.655;0;328.3552;0;;
2023-10-18 16:39:10.636;-643.0023;1.304998;-1128.655;0;328.3552;0;;mapLog:positionXYZ+-651.6987+100+-1131.203
2023-10-18 16:39:10.637;-643.0023;1.304998;-1128.655;0;328.3552;0;;mapLog:suggestionClicked+kiosk
2023-10-18 16:39:10.701;-643.0023;1.304998;-1128.655;0;328.3552;0;;mapLog:positionXYZ+-602.2975+100+-926.3097
2023-10-18 16:39:10.915;-643.0023;1.304998;-1128.655;0;328.3552;0;;
2023-10-18 16:39:11.439;-643.0023;1.304998;-1128.655;0;328.3552;0;;
2023-10-18 16:39:11.975;-643.0023;1.304998;-1128.655;0;328.3552;0;;
2023-10-18 16:39:12.444;-643.0023;1.304998;-1128.655;0;328.3552;0;;mapLog:zoom+900+rotationXYZ+90+328.3552+0
2023-10-18 16:39:12.515;-643.0023;1.304998;-1128.655;0;328.3552;0;;
2023-10-18 16:39:13.053;-643.0023;1.304998;-1128.655;0;328.3552;0;;
2023-10-18 16:39:13.594;-643.0023;1.304998;-1128.655;0;328.3552;0;;
2023-10-18 16:39:13.792;-643.0023;1.304998;-1128.655;0;328.3552;0;;mapLog:zoom+546.6113+rotationXYZ+90+325.9517+0
2023-10-18 16:39:13.861;-643.0023;1.304998;-1128.655;0;328.3552;0;;mapLog:positionXYZ+-600.6279+100+-925.7773
2023-10-18 16:39:14.131;-643.0023;1.304998;-1128.655;0;328.3552;0;;
2023-10-18 16:39:14.665;-643.0023;1.304998;-1128.655;0;328.3552;0;;
2023-10-18 16:39:15.202;-643.0023;1.304998;-1128.655;0;328.3552;0;;
2023-10-18 16:39:15.735;-643.0023;1.304998;-1128.655;0;328.3552;0;;
2023-10-18 16:39:16.072;-643.0023;1.304998;-1128.655;0;328.3552;0;;mapLog:positionXYZ+-600.6279+100+-925.7773
2023-10-18 16:39:16.134;-643.0023;1.304998;-1128.655;0;328.3552;0;;mapLog:MapButtonPoiClick+PoiClick_Kiosk
2023-10-18 16:39:16.202;-643.0023;1.304998;-1128.655;0;328.3552;0;;mapLog:positionXYZ+-604.3762+100+-930.098
2023-10-18 16:39:16.271;-643.0023;1.304998;-1128.655;0;328.3552;0;;
2023-10-18 16:39:16.804;-643.0023;1.304998;-1128.655;0;328.3552;0;;
2023-10-18 16:39:17.204;-643.0023;1.304998;-1128.655;0;328.3552;0;;mapLog:positionXYZ+-604.3762+100+-930.098
2023-10-18 16:39:17.272;-643.0023;1.304998;-1128.655;0;328.3552;0;;mapLog:MapButtonPoiClick+PoiClick_choseNO_Kiosk
2023-10-18 16:39:17.338;-643.0023;1.304998;-1128.655;0;328.3552;0;;mapLog:positionXYZ+-609.2303+100+-932.7822
2023-10-18 16:39:17.340;-643.0023;1.304998;-1128.655;0;328.3552;0;;
2023-10-18 16:39:17.872;-643.0023;1.304998;-1128.655;0;328.3552;0;;
2023-10-18 16:39:17.935;-643.0023;1.304998;-1128.655;0;328.3552;0;;mapLog:positionXYZ+-609.2303+100+-932.7822
2023-10-18 16:39:18.068;-643.0023;1.304998;-1128.655;0;328.3552;0;;mapLog:positionXYZ+-619.3699+100+-936.6543
2023-10-18 16:39:18.398;-643.0023;1.304998;-1128.655;0;328.3552;0;;
2023-10-18 16:39:18.725;-643.0023;1.304998;-1128.655;0;328.3552;0;;mapLog:positionXYZ+-619.3699+100+-936.6543
2023-10-18 16:39:18.792;-643.0023;1.304998;-1128.655;0;328.3552;0;;mapLog:MapButtonPoiClick+PoiClick_Kiosk
2023-10-18 16:39:18.857;-643.0023;1.304998;-1128.655;0;328.3552;0;;mapLog:positionXYZ+-630.3945+100+-932.7814
2023-10-18 16:39:18.922;-643.0023;1.304998;-1128.655;0;328.3552;0;;
2023-10-18 16:39:19.453;-643.0023;1.304998;-1128.655;0;328.3552;0;;
2023-10-18 16:39:19.779;-643.0023;1.304998;-1128.655;0;328.3552;0;;mapLog:positionXYZ+-630.3945+100+-932.7814
2023-10-18 16:39:19.845;-643.0023;1.304998;-1128.655;0;328.3552;0;;mapLog:MapButtonPoiClick+PoiClick_choseNO_Kiosk
2023-10-18 16:39:19.911;-643.0023;1.304998;-1128.655;0;328.3552;0;;mapLog:positionXYZ+-638.5884+100+-925.8038
2023-10-18 16:39:19.979;-643.0023;1.304998;-1128.655;0;328.3552;0;;
2023-10-18 16:39:20.438;-643.0023;1.304998;-1128.655;0;328.3552;0;;mapLog:positionXYZ+-638.5884+100+-925.8038
2023-10-18 16:39:20.502;-643.0023;1.304998;-1128.655;0;328.3552;0;;mapLog:MapButtonPoiClick+PoiClick_Kiosk
2023-10-18 16:39:20.504;-643.0023;1.304998;-1128.655;0;328.3552;0;;
2023-10-18 16:39:20.572;-643.0023;1.304998;-1128.655;0;328.3552;0;;mapLog:positionXYZ+-640.7668+100+-924.2963
2023-10-18 16:39:21.031;-643.0023;1.304998;-1128.655;0;328.3552;0;;
2023-10-18 16:39:21.163;-643.0023;1.304998;-1128.655;0;328.3552;0;;mapLog:positionXYZ+-640.7668+100+-924.2963
2023-10-18 16:39:21.164;-643.0023;1.304998;-1128.655;0;328.3552;0;setNavigationTarget:Kiosk;
2023-10-18 16:39:21.165;-643.0023;1.304998;-1128.655;0;328.3552;0;;mapLog:MapButtonPoiClick+buttonOnFollowPlayer
2023-10-18 16:39:21.230;-643.0023;1.304998;-1128.655;0;328.3552;0;;mapLog:MapButtonPoiClick+PoiClick_choseYES_Kiosk
2023-10-18 16:39:21.293;-643.0023;1.304998;-1128.655;0;328.3552;0;;mapLog:positionXYZ+-652.3301+100+-1122.224
2023-10-18 16:39:21.559;-643.0023;1.304998;-1128.655;0;328.3552;0;;
2023-10-18 16:39:22.082;-642.7362;1.304998;-1129.088;0;328.3552;0;;
2023-10-18 16:39:22.603;-642.3375;1.304998;-1129.732;0;328.3552;0;;
2023-10-18 16:39:23.130;-642.2565;1.304998;-1129.863;0;328.3552;0;;
2023-10-18 16:39:23.654;-642.0383;1.304998;-1130.219;0;328.5275;0;;
2023-10-18 16:39:24.180;-642.0383;1.304998;-1130.219;0;335.3525;0;;
2023-10-18 16:39:24.704;-642.0383;1.304998;-1130.219;0;344.1932;0;;
2023-10-18 16:39:25.241;-642.0383;1.304998;-1130.219;0;353.3738;0;;
2023-10-18 16:39:25.812;-642.0383;1.304998;-1130.219;0;3.064272;0;;
2023-10-18 16:39:26.329;-642.0383;1.304998;-1130.219;0;11.73428;0;;
2023-10-18 16:39:26.856;-642.0383;1.304998;-1130.219;0;20.7443;0;;
2023-10-18 16:39:27.379;-642.0383;1.304998;-1130.219;0;29.58433;0;;
2023-10-18 16:39:27.913;-642.0383;1.304998;-1130.219;0;38.76427;0;;
2023-10-18 16:39:28.436;-642.0383;1.304998;-1130.219;0;47.60418;0;;
2023-10-18 16:39:28.951;-642.0383;1.304998;-1130.219;0;56.44408;0;;
2023-10-18 16:39:29.458;-642.0383;1.304998;-1130.219;0;59.46303;0;;
2023-10-18 16:39:29.966;-641.1307;1.304998;-1129.693;0;61.55504;0;;
2023-10-18 16:39:30.518;-640.0427;1.355239;-1129.685;0;71.07495;0;;
2023-10-18 16:39:31.060;-638.8207;1.304998;-1129.894;0;79.3802;0;;
2023-10-18 16:39:31.606;-637.2288;1.304997;-1129.598;0;79.3802;0;;
2023-10-18 16:39:31.675;-637.0224;1.304997;-1129.559;0;79.3802;0;;mapLog:isScreenLocked+True
2023-10-18 16:39:32.160;-635.8204;1.305004;-1129.31;0;79.3802;0;;
2023-10-18 16:39:32.709;-634.783;1.305002;-1128.781;0;79.3802;0;;
2023-10-18 16:39:33.262;-633.1841;1.305;-1128.422;0;79.3802;0;;
2023-10-18 16:39:33.752;-631.7396;1.305;-1128.153;0;79.3802;0;;mapLog:isScreenLocked+False
2023-10-18 16:39:33.822;-631.5332;1.305;-1128.115;0;79.3802;0;;mapLog:positionXYZ+-635.5942+100+-1123.755
2023-10-18 16:39:33.824;-631.5332;1.305;-1128.115;0;79.3802;0;;
2023-10-18 16:39:34.394;-629.8528;1.305;-1127.802;0;79.3802;0;;
2023-10-18 16:39:34.964;-628.1725;1.305;-1127.488;0;79.3802;0;;
2023-10-18 16:39:35.527;-626.5216;1.305;-1127.181;0;79.3802;0;;
2023-10-18 16:39:36.082;-624.8707;1.305;-1126.873;0;79.3802;0;;
2023-10-18 16:39:36.631;-623.4933;1.305013;-1127.014;0;79.3802;0;;
2023-10-18 16:39:37.174;-621.9006;1.305;-1126.742;0;79.3802;0;;
2023-10-18 16:39:37.703;-621.3945;1.305013;-1125.968;0;79.3802;0;;
2023-10-18 16:39:38.231;-619.8588;1.305;-1125.611;0;79.60339;0;;
2023-10-18 16:39:38.735;-619.0302;1.305017;-1126.05;0;87.01648;0;;
2023-10-18 16:39:39.299;-618.1905;1.305004;-1126.783;0;96.62839;0;;
2023-10-18 16:39:39.838;-616.7079;1.305;-1127.104;0;97.11045;0;;
2023-10-18 16:39:40.386;-615.0995;1.305;-1127.302;0;97.11045;0;;
2023-10-18 16:39:40.944;-613.4315;1.305;-1127.507;0;97.11045;0;;
2023-10-18 16:39:41.498;-611.7635;1.305;-1127.712;0;97.11045;0;;
2023-10-18 16:39:42.013;-610.2445;1.305;-1127.899;0;97.11045;0;;
2023-10-18 16:39:42.543;-608.7512;1.305;-1128.291;0;97.11045;0;;
2023-10-18 16:39:43.063;-607.2024;1.305;-1128.482;0;96.98788;0;;
2023-10-18 16:39:43.570;-605.6811;1.305;-1128.643;0;94.7583;0;;
2023-10-18 16:39:44.089;-604.1236;1.305;-1128.716;0;90.36982;0;;mapLog:isScreenLocked+True
2023-10-18 16:39:44.091;-604.1236;1.305;-1128.716;0;90.36982;0;;
2023-10-18 16:39:44.598;-602.6257;1.305;-1128.664;0;85.61148;0;;
2023-10-18 16:39:45.109;-601.0773;1.305;-1128.478;0;80.4012;0;;
2023-10-18 16:39:45.628;-599.5535;1.305;-1128.147;0;75.08723;0;;
2023-10-18 16:39:46.140;-598.0937;1.305;-1127.69;0;70.08434;0;;
2023-10-18 16:39:46.658;-596.6592;1.305;-1127.08;0;62.8493;0;;
2023-10-18 16:39:47.211;-595.2575;1.305;-1126.213;0;53.49986;0;;
2023-10-18 16:39:47.744;-594.057;1.305;-1125.172;0;44.49037;0;;
2023-10-18 16:39:48.291;-592.9962;1.305;-1123.911;0;36.59929;0;;
2023-10-18 16:39:48.832;-592.0282;1.305;-1122.613;0;37.28493;0;;
2023-10-18 16:39:49.362;-591.0346;1.305;-1121.373;0;41.661;0;;
2023-10-18 16:39:49.871;-589.9542;1.305;-1120.291;0;48.76534;0;;
2023-10-18 16:39:50.371;-588.7632;1.305;-1119.382;0;56.9044;0;;
2023-10-18 16:39:50.913;-587.3696;1.305;-1118.619;0;65.91428;0;;
2023-10-18 16:39:51.426;-585.874;1.305;-1118.085;0;74.92422;0;;
2023-10-18 16:39:51.941;-584.3727;1.304997;-1117.798;0;83.59415;0;;
2023-10-18 16:39:52.462;-582.816;1.304997;-1117.739;0;92.15659;0;;
2023-10-18 16:39:52.569;-582.4864;1.304997;-1117.756;0;93.81393;0;;mapLog:isScreenLocked+False
2023-10-18 16:39:52.622;-582.3369;1.304997;-1117.767;0;94.50169;0;;mapLog:positionXYZ+-582.5213+100+-1118.799
2023-10-18 16:39:52.967;-581.293;1.304997;-1117.879;0;96.7373;0;;
2023-10-18 16:39:53.496;-579.7144;1.305;-1118.066;0;96.7373;0;;
2023-10-18 16:39:54.024;-578.1656;1.305;-1118.25;0;96.7373;0;;
2023-10-18 16:39:54.538;-576.6168;1.305;-1118.435;0;96.7373;0;;
2023-10-18 16:39:55.070;-575.0372;1.305;-1118.615;0;95.55009;0;;
2023-10-18 16:39:55.589;-573.482;1.305;-1118.734;0;93.16805;0;;
2023-10-18 16:39:56.091;-571.9836;1.305;-1118.79;0;91.13482;0;;
2023-10-18 16:39:56.592;-570.4852;1.305;-1118.798;0;89.47482;0;;
2023-10-18 16:39:57.128;-568.8669;1.305;-1118.763;0;88.10178;0;;
2023-10-18 16:39:57.649;-567.3085;1.305;-1118.697;0;87.03436;0;;
2023-10-18 16:39:58.170;-565.7505;1.305;-1118.605;0;86.26591;0;;
2023-10-18 16:39:58.691;-564.3516;1.305004;-1118.503;0;85.81392;0;;
2023-10-18 16:39:59.214;-563.7245;1.304997;-1118.698;0;85.75424;0;;
2023-10-18 16:39:59.746;-562.1851;1.304997;-1118.675;0;85.75017;0;;
2023-10-18 16:40:00.275;-560.6299;1.304997;-1118.561;0;85.75017;0;;
2023-10-18 16:40:00.820;-560.2267;1.304996;-1118.078;0;85.75017;0;;
2023-10-18 16:40:01.374;-559.6545;1.304999;-1117.41;0;85.75017;0;;
2023-10-18 16:40:01.882;-559.5964;1.304999;-1116.478;0;85.75017;0;;
2023-10-18 16:40:02.387;-558.7109;1.304999;-1115.601;0;85.75017;0;;
2023-10-18 16:40:02.876;-557.2458;1.305;-1115.486;0;85.75017;0;;mapLog:isScreenLocked+True
2023-10-18 16:40:02.930;-557.0963;1.305;-1115.475;0;85.75017;0;;
2023-10-18 16:40:03.465;-555.5101;1.305;-1115.376;0;89.07079;0;;
2023-10-18 16:40:03.967;-553.984;1.305;-1115.455;0;97.32183;0;;
2023-10-18 16:40:04.502;-552.429;1.305;-1115.779;0;106.3317;0;;
2023-10-18 16:40:05.043;-550.9166;1.305;-1116.354;0;115.5116;0;;
2023-10-18 16:40:05.570;-549.944;1.305;-1116.89;0;124.5217;0;;
2023-10-18 16:40:06.086;-549.8123;1.305;-1116.997;0;133.1917;0;;
2023-10-18 16:40:06.615;-548.8768;1.304996;-1118.037;0;142.2016;0;;
2023-10-18 16:40:07.140;-548.0029;1.304997;-1119.364;0;151.2115;0;;
2023-10-18 16:40:07.681;-547.3375;1.304998;-1120.839;0;160.3914;0;;
2023-10-18 16:40:08.217;-546.9158;1.304998;-1122.401;0;169.5713;0;;
2023-10-18 16:40:08.772;-546.7881;1.304999;-1123.33;0;178.9212;0;;
2023-10-18 16:40:09.281;-546.6305;1.304997;-1123.201;0;187.5911;0;;
2023-10-18 16:40:09.825;-546.5945;1.304999;-1123.146;0;196.771;0;;
2023-10-18 16:40:10.383;-546.5998;1.304999;-1123.157;0;206.2909;0;;
2023-10-18 16:40:10.945;-546.8774;1.304999;-1123.619;0;212.7214;0;;
2023-10-18 16:40:11.499;-547.7682;1.304999;-1125.005;0;212.7214;0;;
2023-10-18 16:40:11.834;-548.304;1.304999;-1125.839;0;212.7214;0;;mapLog:isScreenLocked+False
2023-10-18 16:40:12.039;-548.6202;1.304999;-1126.331;0;212.7214;0;;
2023-10-18 16:40:12.595;-548.622;1.304999;-1126.334;0;212.7214;0;;
2023-10-18 16:40:13.008;-548.622;1.304999;-1126.334;0;212.7214;0;;mapLog:positionXYZ+-548.622+100+-1126.334
2023-10-18 16:40:13.080;-548.622;1.304999;-1126.334;0;212.7214;0;checkedIn:Kiosk;
2023-10-18 16:40:13.081;-548.622;1.304999;-1126.334;0;212.7214;0;DEBUG_IGNORE_ME: scenario_selected.gameTasks.Count = 2;
2023-10-18 16:40:13.083;-548.622;1.304999;-1126.334;0;212.7214;0;DEBUG_IGNORE_ME: GameStart::scenario_selected.gameTasks.Count = 2;
2023-10-18 16:40:13.148;-548.622;1.304999;-1126.334;0;212.7214;0;;mapLog:positionXYZ+-547.6116+100+-1126.983
2023-10-18 16:40:13.150;-548.622;1.304999;-1126.334;0;212.7214;0;;
2023-10-18 16:40:13.705;-548.622;1.304999;-1126.334;0;212.7214;0;;
2023-10-18 16:40:14.257;-548.622;1.304999;-1126.334;0;212.7214;0;;
2023-10-18 16:40:14.815;-548.622;1.304999;-1126.334;0;212.7214;0;;
2023-10-18 16:40:15.375;-548.622;1.304999;-1126.334;0;212.7214;0;;
2023-10-18 16:40:15.949;-548.622;1.304999;-1126.334;0;212.7214;0;;mapLog:positionXYZ+-547.6116+100+-1126.983
2023-10-18 16:40:15.951;-548.622;1.304999;-1126.334;0;212.7214;0;;
2023-10-18 16:40:16.007;-548.622;1.304999;-1126.334;0;212.7214;0;taskAccepted;
2023-10-18 16:40:16.077;-548.622;1.304999;-1126.334;0;212.7214;0;;mapLog:positionXYZ+-566.6959+100+-1110.026
2023-10-18 16:40:16.502;-548.622;1.304999;-1126.334;0;212.7214;0;;
2023-10-18 16:40:17.065;-548.622;1.304999;-1126.334;0;212.7214;0;;
2023-10-18 16:40:17.625;-548.622;1.304999;-1126.334;0;212.7214;0;;
2023-10-18 16:40:18.186;-548.622;1.304999;-1126.334;0;212.7214;0;;mapLog:positionXYZ+-566.6959+100+-1110.026
2023-10-18 16:40:18.189;-548.622;1.304999;-1126.334;0;212.7214;0;;
2023-10-18 16:40:18.256;-548.622;1.304999;-1126.334;0;212.7214;0;;mapLog:MapButtonPoiClick+PoiClick_Migros
2023-10-18 16:40:18.325;-548.622;1.304999;-1126.334;0;212.7214;0;;mapLog:positionXYZ+-548.771+100+-1107.458
2023-10-18 16:40:18.746;-548.622;1.304999;-1126.334;0;212.7214;0;;
2023-10-18 16:40:19.237;-548.622;1.304999;-1126.334;0;212.7214;0;;mapLog:positionXYZ+-548.771+100+-1107.458
2023-10-18 16:40:19.309;-548.622;1.304999;-1126.334;0;212.7214;0;setNavigationTarget:Migros;
2023-10-18 16:40:19.309;-548.622;1.304999;-1126.334;0;212.7214;0;;mapLog:MapButtonPoiClick+buttonOnFollowPlayer
2023-10-18 16:40:19.312;-548.622;1.304999;-1126.334;0;212.7214;0;;
2023-10-18 16:40:19.379;-548.622;1.304999;-1126.334;0;212.7214;0;;mapLog:MapButtonPoiClick+PoiClick_choseYES_Migros
2023-10-18 16:40:19.450;-548.622;1.304999;-1126.334;0;212.7214;0;;mapLog:positionXYZ+-545.4911+100+-1128.932
2023-10-18 16:40:19.873;-548.8344;1.304999;-1126.665;0;212.7214;0;;
2023-10-18 16:40:20.419;-549.3913;1.304999;-1128.055;0;212.7214;0;;
2023-10-18 16:40:20.962;-549.9197;1.304999;-1129.449;0;212.7214;0;;
2023-10-18 16:40:21.502;-550.7964;1.304999;-1130.814;0;212.7214;0;;
2023-10-18 16:40:22.051;-551.6894;1.304999;-1132.204;0;212.7214;0;;
2023-10-18 16:40:22.600;-552.8351;1.304999;-1132.966;0;212.7214;0;;
2023-10-18 16:40:23.154;-553.8909;1.304999;-1133.919;0;212.7214;0;;
2023-10-18 16:40:23.695;-554.9572;1.304999;-1135.041;0;212.7214;0;;
2023-10-18 16:40:24.232;-555.8339;1.304999;-1136.405;0;212.7214;0;;
2023-10-18 16:40:24.754;-556.6781;1.304999;-1137.719;0;212.7214;0;;
2023-10-18 16:40:25.271;-557.5223;1.304999;-1139.033;0;212.7214;0;;
2023-10-18 16:40:25.778;-558.3503;1.304999;-1140.322;0;212.7214;0;;
2023-10-18 16:40:26.333;-559.2433;1.304999;-1141.712;0;212.7214;0;;
2023-10-18 16:40:26.881;-560.1124;1.304999;-1143.114;0;210.0777;0;;
2023-10-18 16:40:27.425;-560.8768;1.304999;-1144.542;0;206.0453;0;;
2023-10-18 16:40:27.944;-561.4427;1.304999;-1145.892;0;198.6425;0;;
2023-10-18 16:40:28.460;-561.7515;1.304999;-1147.065;0;190.1653;0;;
2023-10-18 16:40:28.977;-561.8679;1.305;-1148.2;0;181.3652;0;;
2023-10-18 16:40:29.488;-561.8258;1.305;-1149.54;0;176.8507;0;;
2023-10-18 16:40:29.599;-561.8077;1.305;-1149.869;0;176.8507;0;;mapLog:isScreenLocked+True
2023-10-18 16:40:29.992;-561.7434;1.305;-1151.036;0;176.8507;0;;
2023-10-18 16:40:30.538;-561.2903;1.305002;-1152.331;0;176.8507;0;;
2023-10-18 16:40:31.088;-561.0815;1.305;-1153.941;0;176.8507;0;;
2023-10-18 16:40:31.637;-560.9908;1.305;-1155.586;0;176.8507;0;;
2023-10-18 16:40:32.148;-560.9068;1.305;-1157.111;0;176.8507;0;;
2023-10-18 16:40:32.693;-560.8178;1.305;-1158.726;0;176.8507;0;;
2023-10-18 16:40:33.238;-560.7272;1.305;-1160.371;0;176.8507;0;;
2023-10-18 16:40:33.777;-560.6382;1.305;-1161.986;0;176.8507;0;;
2023-10-18 16:40:34.315;-560.5492;1.305;-1163.601;0;176.8507;0;;
2023-10-18 16:40:34.846;-560.4619;1.305;-1165.186;0;176.8507;0;;
2023-10-18 16:40:35.356;-560.3778;1.305;-1166.712;0;176.8507;0;;
2023-10-18 16:40:35.872;-560.2938;1.305;-1168.237;0;176.8507;0;;
2023-10-18 16:40:36.400;-560.2064;1.305;-1169.822;0;176.8507;0;;
2023-10-18 16:40:36.930;-560.1191;1.305;-1171.407;0;176.8507;0;;
2023-10-18 16:40:37.458;-560.0477;1.305;-1172.994;0;180.1264;0;;
2023-10-18 16:40:38.001;-560.1784;1.305;-1174.607;0;189.3063;0;;
2023-10-18 16:40:38.515;-560.5081;1.305;-1176.13;0;193.0855;0;;
2023-10-18 16:40:39.024;-560.925;1.305;-1177.587;0;193.0855;0;;
2023-10-18 16:40:39.539;-561.2706;1.305;-1179.074;0;193.0855;0;;
2023-10-18 16:40:40.057;-561.6229;1.305;-1180.592;0;193.0855;0;;
2023-10-18 16:40:40.581;-561.9752;1.305;-1182.109;0;193.0855;0;;
2023-10-18 16:40:41.120;-562.1416;1.305;-1182.826;0;192.9157;0;;
2023-10-18 16:40:41.665;-562.2336;1.305;-1183.282;0;189.9227;0;;
2023-10-18 16:40:42.214;-562.3431;1.305;-1184.038;0;186.7204;0;;
2023-10-18 16:40:42.713;-562.4207;1.305;-1184.844;0;184.4062;0;;
2023-10-18 16:40:43.246;-562.5157;1.305;-1186.282;0;183.6138;0;;
2023-10-18 16:40:43.754;-562.2181;1.305516;-1187.549;0;183.6138;0;;
2023-10-18 16:40:44.190;-562.1757;1.303531;-1188.825;0;183.6138;0;;mapLog:isScreenLocked+False
2023-10-18 16:40:44.272;-562.175;1.303936;-1189.064;0;183.6138;0;;
2023-10-18 16:40:44.782;-562.2086;1.305;-1190.191;0;183.6138;0;;
2023-10-18 16:40:45.308;-562.2086;1.305;-1190.191;0;183.6138;0;;
2023-10-18 16:40:45.589;-562.2086;1.305;-1190.191;0;183.6138;0;;mapLog:positionXYZ+-562.2086+100+-1190.191
2023-10-18 16:40:45.671;-562.2086;1.305;-1190.191;0;183.6138;0;checkedIn:Migros;
2023-10-18 16:40:45.672;-562.2086;1.305;-1190.191;0;183.6138;0;DEBUG_IGNORE_ME: scenario_selected.gameTasks.Count = 1;
2023-10-18 16:40:45.713;-562.2086;1.305;-1190.191;0;183.6138;0;;mapLog:positionXYZ+-551.4576+100+-1206.702
2023-10-18 16:40:45.833;-562.2086;1.305;-1190.191;0;183.6138;0;;
2023-10-18 16:40:45.885;-562.2086;1.305;-1190.191;0;183.6138;0;DEBUG_IGNORE_ME: GameStart::scenario_selected.gameTasks.Count = 1;
2023-10-18 16:40:46.358;-562.2086;1.305;-1190.191;0;183.6138;0;;
2023-10-18 16:40:46.887;-562.2086;1.305;-1190.191;0;183.6138;0;;
2023-10-18 16:40:47.413;-562.2086;1.305;-1190.191;0;183.6138;0;;
2023-10-18 16:40:47.941;-562.2086;1.305;-1190.191;0;183.6138;0;;
2023-10-18 16:40:48.465;-562.2086;1.305;-1190.191;0;183.6138;0;;
2023-10-18 16:40:48.908;-562.2086;1.305;-1190.191;0;183.6138;0;;mapLog:positionXYZ+-551.4576+100+-1206.702
2023-10-18 16:40:48.989;-562.2086;1.305;-1190.191;0;183.6138;0;taskAccepted;
2023-10-18 16:40:48.991;-562.2086;1.305;-1190.191;0;183.6138;0;;
2023-10-18 16:40:49.030;-562.2086;1.305;-1190.191;0;183.6138;0;;mapLog:positionXYZ+-552.0305+100+-1208.15
2023-10-18 16:40:49.514;-562.2086;1.305;-1190.191;0;183.6138;0;;
2023-10-18 16:40:50.038;-562.2086;1.305;-1190.191;0;183.6138;0;;
2023-10-18 16:40:50.560;-562.2086;1.305;-1190.191;0;183.6138;0;;
2023-10-18 16:40:51.086;-562.2086;1.305;-1190.191;0;183.6138;0;;
2023-10-18 16:40:51.614;-562.2086;1.305;-1190.191;0;183.6138;0;;
2023-10-18 16:40:52.151;-562.2086;1.305;-1190.191;0;183.6138;0;;
2023-10-18 16:40:52.686;-562.2086;1.305;-1190.191;0;183.6138;0;;
2023-10-18 16:40:53.218;-562.2086;1.305;-1190.191;0;183.6138;0;;
2023-10-18 16:40:53.748;-562.2086;1.305;-1190.191;0;183.6138;0;;
2023-10-18 16:40:53.830;-562.2086;1.305;-1190.191;0;183.6138;0;;mapLog:positionXYZ+-552.0305+100+-1208.15
2023-10-18 16:40:53.874;-562.2086;1.305;-1190.191;0;183.6138;0;;mapLog:MapButtonPoiClick+PoiClick_Apéro Café
2023-10-18 16:40:53.913;-562.2086;1.305;-1190.191;0;183.6138;0;;mapLog:positionXYZ+-553.6867+100+-1211.509
2023-10-18 16:40:54.285;-562.2086;1.305;-1190.191;0;183.6138;0;;
2023-10-18 16:40:54.817;-562.2086;1.305;-1190.191;0;183.6138;0;;
2023-10-18 16:40:55.184;-562.2086;1.305;-1190.191;0;183.6138;0;;mapLog:positionXYZ+-553.6867+100+-1211.509
2023-10-18 16:40:55.225;-562.2086;1.305;-1190.191;0;183.6138;0;;mapLog:MapButtonPoiClick+PoiClick_choseNO_Apéro Café
2023-10-18 16:40:55.266;-562.2086;1.305;-1190.191;0;183.6138;0;;mapLog:positionXYZ+-554.4463+100+-1215.913
2023-10-18 16:40:55.350;-562.2086;1.305;-1190.191;0;183.6138;0;;
2023-10-18 16:40:55.893;-562.2086;1.305;-1190.191;0;183.6138;0;;
2023-10-18 16:40:56.416;-562.2086;1.305;-1190.191;0;183.6138;0;;
2023-10-18 16:40:56.868;-562.2086;1.305;-1190.191;0;183.6138;0;;mapLog:positionXYZ+-554.4463+100+-1215.913
2023-10-18 16:40:56.950;-562.2086;1.305;-1190.191;0;183.6138;0;;mapLog:positionXYZ+-553.2476+100+-1215.989
2023-10-18 16:40:56.951;-562.2086;1.305;-1190.191;0;183.6138;0;;
2023-10-18 16:40:57.482;-562.2086;1.305;-1190.191;0;183.6138;0;;
2023-10-18 16:40:57.647;-562.2086;1.305;-1190.191;0;183.6138;0;;mapLog:positionXYZ+-553.2476+100+-1215.989
2023-10-18 16:40:57.688;-562.2086;1.305;-1190.191;0;183.6138;0;;mapLog:MapButtonPoiClick+PoiClick_Family Café
2023-10-18 16:40:57.729;-562.2086;1.305;-1190.191;0;183.6138;0;;mapLog:positionXYZ+-551.3297+100+-1216.11
2023-10-18 16:40:58.015;-562.2086;1.305;-1190.191;0;183.6138;0;;
2023-10-18 16:40:58.550;-562.2086;1.305;-1190.191;0;183.6138;0;;
2023-10-18 16:40:58.963;-562.2086;1.305;-1190.191;0;183.6138;0;;mapLog:positionXYZ+-551.3297+100+-1216.11
2023-10-18 16:40:58.964;-562.2086;1.305;-1190.191;0;183.6138;0;;mapLog:MapButtonPoiClick+PoiClick_choseNO_Family Café
2023-10-18 16:40:59.002;-562.2086;1.305;-1190.191;0;183.6138;0;;mapLog:positionXYZ+-555.5608+100+-1218.317
2023-10-18 16:40:59.087;-562.2086;1.305;-1190.191;0;183.6138;0;;
2023-10-18 16:40:59.629;-562.2086;1.305;-1190.191;0;183.6138;0;;
2023-10-18 16:40:59.670;-562.2086;1.305;-1190.191;0;183.6138;0;;mapLog:positionXYZ+-555.5608+100+-1218.317
2023-10-18 16:40:59.714;-562.2086;1.305;-1190.191;0;183.6138;0;;mapLog:positionXYZ+-555.3833+100+-1219.318
2023-10-18 16:41:00.131;-562.3582;1.305;-1190.286;0;183.6138;0;;
2023-10-18 16:41:00.394;-562.575;1.305;-1190.36;0;183.6138;0;;mapLog:positionXYZ+-555.3833+100+-1219.318
2023-10-18 16:41:00.468;-562.6345;1.305;-1190.368;0;183.6138;0;;mapLog:MapButtonPoiClick+PoiClick_Fly High Coffee
2023-10-18 16:41:00.508;-562.6659;1.304668;-1190.371;0;183.6138;0;;mapLog:positionXYZ+-547.3696+100+-1214.381
2023-10-18 16:41:00.664;-562.787;1.319938;-1190.414;0;183.6138;0;;
2023-10-18 16:41:01.187;-562.9343;1.35202;-1190.435;0;183.6138;0;;
2023-10-18 16:41:01.706;-563.086;1.485188;-1190.405;0;183.6138;0;;
2023-10-18 16:41:02.191;-563.0881;1.305;-1190.458;0;183.6138;0;;mapLog:positionXYZ+-547.3696+100+-1214.381
2023-10-18 16:41:02.228;-563.0881;1.305;-1190.458;0;183.6138;0;;
2023-10-18 16:41:02.266;-563.0881;1.305;-1190.458;0;183.6138;0;;mapLog:positionXYZ+-545.0748+100+-1219.969
2023-10-18 16:41:02.754;-563.0881;1.305;-1190.458;0;183.6138;0;;
2023-10-18 16:41:03.015;-563.0881;1.305;-1190.458;0;183.6138;0;;mapLog:positionXYZ+-545.0748+100+-1219.969
2023-10-18 16:41:03.053;-563.0881;1.305;-1190.458;0;183.6138;0;setNavigationTarget:Fly High Coffee;
2023-10-18 16:41:03.054;-563.0881;1.305;-1190.458;0;183.6138;0;;mapLog:MapButtonPoiClick+buttonOnFollowPlayer
2023-10-18 16:41:03.089;-563.0881;1.305;-1190.458;0;183.6138;0;;mapLog:MapButtonPoiClick+PoiClick_choseYES_Fly High Coffee
2023-10-18 16:41:03.128;-563.0881;1.305;-1190.458;0;183.6138;0;;mapLog:positionXYZ+-561.7813+100+-1192.512
2023-10-18 16:41:03.279;-563.0881;1.305;-1190.458;0;183.6138;0;;
2023-10-18 16:41:03.806;-563.0803;1.305;-1190.457;0;183.6138;0;;
2023-10-18 16:41:04.337;-563.1227;1.304999;-1190.475;0;183.6138;0;;
2023-10-18 16:41:04.865;-563.1501;1.316457;-1190.393;0;183.6138;0;;
2023-10-18 16:41:05.386;-562.8053;1.456729;-1190.264;0;183.6138;0;;
2023-10-18 16:41:05.926;-562.4108;1.510283;-1190.112;0;183.6138;0;;
2023-10-18 16:41:06.465;-562.1294;1.305;-1188.578;0;183.6138;0;;
2023-10-18 16:41:06.985;-562.031;1.305;-1187.023;0;183.6138;0;;
2023-10-18 16:41:07.533;-561.9288;1.305;-1185.408;0;183.6138;0;;
2023-10-18 16:41:08.062;-561.8738;1.305;-1184.271;0;179.7562;0;;
2023-10-18 16:41:08.566;-561.8746;1.305;-1184.215;0;171.2175;0;;
2023-10-18 16:41:09.078;-561.8746;1.305;-1184.215;0;162.5476;0;;
2023-10-18 16:41:09.582;-561.8746;1.305;-1184.215;0;154.0477;0;;
2023-10-18 16:41:10.118;-561.8746;1.305;-1184.215;0;144.8678;0;;
2023-10-18 16:41:10.631;-561.8746;1.305;-1184.215;0;136.1979;0;;
2023-10-18 16:41:11.179;-561.8746;1.305;-1184.215;0;127.0181;0;;
2023-10-18 16:41:11.242;-561.8746;1.305;-1184.215;0;125.8281;0;;mapLog:positionXYZ+-561.8746+100+-1184.215
2023-10-18 16:41:11.722;-561.8746;1.305;-1184.215;0;117.6686;0;;
2023-10-18 16:41:11.999;-561.8746;1.305;-1184.215;0;112.9089;0;;mapLog:positionXYZ+-564.6237+100+-1183.431
2023-10-18 16:41:12.275;-561.8746;1.305;-1184.215;0;108.3192;0;;
2023-10-18 16:41:12.824;-561.8746;1.305;-1184.215;0;98.96967;0;;
2023-10-18 16:41:13.384;-561.8746;1.305;-1184.215;0;89.45021;0;;
2023-10-18 16:41:13.931;-561.8746;1.305;-1184.215;0;80.10072;0;;
2023-10-18 16:41:14.453;-561.8746;1.305;-1184.215;0;71.2612;0;;
2023-10-18 16:41:14.987;-561.8746;1.305;-1184.215;0;62.08171;0;;
2023-10-18 16:41:15.522;-561.8746;1.305;-1184.215;0;53.07225;0;;
2023-10-18 16:41:16.045;-561.8746;1.305;-1184.215;0;44.23276;0;;
2023-10-18 16:41:16.554;-561.8746;1.305;-1184.215;0;35.56326;0;;
2023-10-18 16:41:16.739;-561.8746;1.305;-1184.215;0;32.33345;0;;mapLog:positionXYZ+-564.6237+100+-1183.431
2023-10-18 16:41:17.107;-561.8746;1.305;-1184.215;0;26.04374;0;;mapLog:positionXYZ+-577.5035+100+-1250.514
2023-10-18 16:41:17.109;-561.8746;1.305;-1184.215;0;26.04374;0;;
2023-10-18 16:41:17.651;-561.8746;1.305;-1184.215;0;16.86414;0;;mapLog:positionXYZ+-577.5035+100+-1250.514
2023-10-18 16:41:17.653;-561.8746;1.305;-1184.215;0;16.86414;0;;
2023-10-18 16:41:17.711;-561.8746;1.305;-1184.215;0;15.84419;0;;mapLog:positionXYZ+-571.9805+100+-1248.638
2023-10-18 16:41:18.192;-561.8746;1.305;-1184.215;0;7.684552;0;;
2023-10-18 16:41:18.740;-561.8746;1.305;-1184.215;0;358.3351;0;;
2023-10-18 16:41:19.301;-561.92;1.305;-1183.29;0;357.1684;0;;
2023-10-18 16:41:19.861;-561.8777;1.305;-1181.674;0;357.1684;0;;
2023-10-18 16:41:20.416;-561.8671;1.305;-1180.047;0;357.1684;0;;
2023-10-18 16:41:20.973;-561.9491;1.305;-1178.372;0;357.1684;0;;
2023-10-18 16:41:21.497;-562.0267;1.305;-1176.787;0;357.1684;0;;
2023-10-18 16:41:22.032;-562.1044;1.305;-1175.202;0;357.1684;0;;
2023-10-18 16:41:22.540;-561.9803;1.305;-1173.727;0;357.1684;0;;
2023-10-18 16:41:23.062;-562.0565;1.305;-1172.172;0;357.1684;0;;
2023-10-18 16:41:23.582;-562.1326;1.305;-1170.617;0;357.1684;0;;
2023-10-18 16:41:24.101;-562.2088;1.305;-1169.061;0;357.1684;0;;
2023-10-18 16:41:24.606;-562.2835;1.305;-1167.536;0;357.1684;0;;
2023-10-18 16:41:25.115;-562.3582;1.305;-1166.011;0;357.1684;0;;
2023-10-18 16:41:25.651;-562.0532;1.305;-1164.681;0;357.1684;0;;
2023-10-18 16:41:26.187;-561.6697;1.305;-1163.305;0;357.1684;0;;
2023-10-18 16:41:26.397;-561.7005;1.305;-1162.677;0;357.1684;0;;mapLog:positionXYZ+-571.9805+100+-1248.638
2023-10-18 16:41:26.711;-561.7459;1.305;-1161.749;0;357.1684;0;;
2023-10-18 16:41:26.917;-561.7767;1.305;-1161.121;0;357.1684;0;;mapLog:positionXYZ+-562.4751+100+-1243.626
2023-10-18 16:41:27.072;-561.7986;1.305;-1160.673;0;357.1684;0;;mapLog:positionXYZ+-562.4751+100+-1243.626
2023-10-18 16:41:27.229;-561.8221;1.305;-1160.194;0;357.1684;0;;
2023-10-18 16:41:27.757;-561.8997;1.305;-1158.609;0;357.1684;0;;
2023-10-18 16:41:28.246;-561.6763;1.305;-1157.398;0;357.1684;0;;mapLog:positionXYZ+-531.8009+100+-1162.048
2023-10-18 16:41:28.299;-561.614;1.305;-1157.286;0;357.1684;0;;
2023-10-18 16:41:28.826;-561.5187;1.305;-1155.75;0;357.1684;0;;
2023-10-18 16:41:29.380;-561.3989;1.305;-1154.412;0;357.1684;0;;
2023-10-18 16:41:29.897;-561.4069;1.305;-1152.868;0;357.1684;0;;
2023-10-18 16:41:30.412;-561.4816;1.305;-1151.343;0;357.1684;0;;
2023-10-18 16:41:30.960;-561.5622;1.305;-1149.698;0;357.1684;0;;
2023-10-18 16:41:31.494;-561.6398;1.305;-1148.113;0;357.1684;0;;
2023-10-18 16:41:32.003;-561.6578;1.304999;-1146.603;0;357.1684;0;;
2023-10-18 16:41:32.511;-561.7039;1.304999;-1145.081;0;357.1684;0;;
2023-10-18 16:41:33.011;-561.3545;1.304999;-1144.169;0;357.1684;0;;
2023-10-18 16:41:33.571;-561.0011;1.304999;-1142.726;0;357.1684;0;;
2023-10-18 16:41:34.092;-561.0773;1.304999;-1141.171;0;357.1684;0;;
2023-10-18 16:41:34.609;-561.1534;1.304999;-1139.615;0;357.1684;0;;
2023-10-18 16:41:35.126;-561.1409;1.304999;-1138.083;0;357.1684;0;;
2023-10-18 16:41:35.632;-561.1772;1.304999;-1136.59;0;356.5313;0;;
2023-10-18 16:41:36.139;-561.2791;1.304998;-1135.065;0;355.9125;0;;
2023-10-18 16:41:36.659;-561.221;1.304998;-1133.926;0;355.8072;0;;
2023-10-18 16:41:37.206;-560.9429;1.310657;-1133.473;0;355.8072;0;;
2023-10-18 16:41:37.759;-561.0726;1.429034;-1133.699;0;355.8072;0;;
2023-10-18 16:41:38.308;-561.7446;1.445057;-1133.439;0;355.8072;0;;
2023-10-18 16:41:38.548;-561.9097;1.349831;-1132.766;0;355.8072;0;;mapLog:isScreenLocked+True
2023-10-18 16:41:38.852;-561.9756;1.304998;-1131.869;0;355.8072;0;;
2023-10-18 16:41:39.398;-562.0965;1.304998;-1130.224;0;355.8072;0;;
2023-10-18 16:41:39.943;-562.1779;1.304998;-1128.606;0;359.7465;0;;
2023-10-18 16:41:40.470;-562.0853;1.304998;-1127.02;0;6.959226;0;;
2023-10-18 16:41:40.973;-561.82;1.304997;-1125.544;0;13.53842;0;;
2023-10-18 16:41:41.477;-561.387;1.304997;-1124.078;0;19.28003;0;;
2023-10-18 16:41:41.993;-560.8154;1.304997;-1122.659;0;24.66353;0;;
2023-10-18 16:41:42.530;-560.4092;1.304997;-1121.217;0;29.4922;0;;
2023-10-18 16:41:43.055;-560.4091;1.304997;-1119.864;0;29.89493;0;;
2023-10-18 16:41:43.595;-560.3958;1.304997;-1118.444;0;29.89493;0;;
2023-10-18 16:41:44.147;-559.6216;1.305;-1116.997;0;29.89493;0;;
2023-10-18 16:41:44.674;-558.829;1.305;-1115.619;0;29.89493;0;;
2023-10-18 16:41:45.195;-557.8345;1.305;-1114.621;0;29.89493;0;;
2023-10-18 16:41:45.706;-557.0749;1.305;-1113.293;0;29.22532;0;;
2023-10-18 16:41:46.217;-556.3492;1.305;-1111.946;0;27.11717;0;;
2023-10-18 16:41:46.725;-555.6821;1.305;-1110.57;0;24.5744;0;;
2023-10-18 16:41:47.255;-555.0521;1.305;-1109.11;0;21.94452;0;;
2023-10-18 16:41:47.758;-554.5175;1.305;-1107.677;0;18.87851;0;;
2023-10-18 16:41:48.292;-554.048;1.305;-1106.158;0;15.38316;0;;
2023-10-18 16:41:48.810;-553.6763;1.305;-1104.643;0;12.16519;0;;
2023-10-18 16:41:49.314;-553.3909;1.305;-1103.171;0;10.10242;0;;
2023-10-18 16:41:49.838;-553.1155;1.305;-1101.605;0;9.965187;0;;
2023-10-18 16:41:50.360;-552.8458;1.305;-1100.069;0;9.965187;0;;
2023-10-18 16:41:50.908;-552.5656;1.305;-1098.474;0;9.965187;0;;
2023-10-18 16:41:51.405;-552.301;1.305;-1096.967;0;9.965187;0;;
2023-10-18 16:41:51.930;-552.0313;1.305;-1095.431;0;9.965187;0;;
2023-10-18 16:41:52.471;-551.7511;1.305;-1093.836;0;9.965187;0;;
2023-10-18 16:41:52.976;-551.4865;1.305;-1092.329;0;9.965187;0;;
2023-10-18 16:41:53.498;-551.2167;1.305;-1090.793;0;9.965187;0;;
2023-10-18 16:41:54.043;-550.9366;1.305;-1089.198;0;9.965187;0;;
2023-10-18 16:41:54.568;-550.6616;1.305;-1087.632;0;9.965187;0;;
2023-10-18 16:41:55.121;-550.3644;1.305;-1086.008;0;11.11531;0;;
2023-10-18 16:41:55.632;-550.0317;1.305;-1084.515;0;14.43968;0;;
2023-10-18 16:41:56.142;-549.6049;1.305;-1083.046;0;18.00397;0;;
2023-10-18 16:41:56.646;-549.1018;1.305;-1081.633;0;21.12358;0;;
2023-10-18 16:41:57.190;-548.4724;1.305;-1080.109;0;23.58054;0;;
2023-10-18 16:41:57.708;-547.842;1.305;-1078.68;0;23.85916;0;;
2023-10-18 16:41:58.208;-547.2347;1.305;-1077.307;0;23.85916;0;;
2023-10-18 16:41:58.750;-546.4005;1.261106;-1075.983;0;23.85916;0;;
2023-10-18 16:41:59.290;-545.3714;1.274877;-1074.828;0;23.85916;0;;
2023-10-18 16:41:59.834;-544.6982;1.305;-1073.36;0;22.42706;0;;
2023-10-18 16:42:00.365;-544.1362;1.305;-1071.841;0;18.18583;0;;
2023-10-18 16:42:00.892;-543.7011;1.305;-1070.375;0;14.64234;0;;
2023-10-18 16:42:01.415;-543.6714;1.305;-1068.88;0;11.1056;0;;
2023-10-18 16:42:01.959;-543.3996;1.305;-1067.283;0;8.283792;0;;
2023-10-18 16:42:02.491;-543.2053;1.305;-1065.705;0;5.762041;0;;
2023-10-18 16:42:02.998;-543.0819;1.305;-1064.18;0;3.450231;0;;
2023-10-18 16:42:03.509;-543.02;1.305;-1062.651;0;1.161292;0;;
2023-10-18 16:42:04.013;-543.0173;1.305;-1061.15;0;359.0405;0;;
2023-10-18 16:42:04.554;-543.0738;1.305;-1059.53;0;356.9523;0;;
2023-10-18 16:42:05.073;-543.1816;1.305;-1057.974;0;355.1343;0;;
2023-10-18 16:42:05.630;-543.3471;1.305;-1056.42;0;353.221;0;;
2023-10-18 16:42:06.143;-543.8517;1.305;-1054.907;0;351.0876;0;;
2023-10-18 16:42:06.692;-544.1384;1.305;-1053.283;0;348.8001;0;;
2023-10-18 16:42:07.202;-544.4754;1.304999;-1052.524;0;345.2706;0;;
2023-10-18 16:42:07.705;-544.9327;1.304998;-1052.524;0;339.1218;0;;
2023-10-18 16:42:08.210;-545.5979;1.305;-1052.479;0;335.2789;0;;
2023-10-18 16:42:08.759;-546.4937;1.305;-1051.274;0;335.2789;0;;
2023-10-18 16:42:09.268;-547.1355;1.305;-1049.886;0;334.9363;0;;
2023-10-18 16:42:09.771;-547.7899;1.305;-1048.536;0;333.1497;0;;
2023-10-18 16:42:10.293;-548.5225;1.305;-1047.159;0;330.2161;0;;
2023-10-18 16:42:10.800;-549.3452;1.305;-1045.87;0;324.09;0;;
2023-10-18 16:42:11.322;-550.3414;1.305;-1044.672;0;316.097;0;;
2023-10-18 16:42:11.835;-551.4758;1.305;-1043.647;0;307.9138;0;;
2023-10-18 16:42:12.352;-552.7693;1.305;-1042.777;0;299.7985;0;;
2023-10-18 16:42:12.874;-554.1716;1.305;-1042.096;0;291.8731;0;;
2023-10-18 16:42:13.384;-555.036;1.304999;-1042.468;0;284.6248;0;;
2023-10-18 16:42:13.943;-556.6662;1.305;-1042.059;0;283.4966;0;;
2023-10-18 16:42:14.494;-556.7538;1.305001;-1041.666;0;276.5803;0;;
2023-10-18 16:42:15.040;-557.6385;1.304999;-1040.934;0;269.322;0;;
2023-10-18 16:42:15.583;-559.2568;1.304999;-1040.96;0;269.0361;0;;
2023-10-18 16:42:16.111;-560.8452;1.304999;-1040.985;0;269.0361;0;;
2023-10-18 16:42:16.657;-562.4934;1.304999;-1041.012;0;269.0361;0;;
2023-10-18 16:42:17.169;-562.0823;1.304999;-1040.706;0;269.0361;0;;
2023-10-18 16:42:17.710;-561.5714;1.305;-1040.339;0;267.1463;0;;
2023-10-18 16:42:18.228;-561.2709;1.304999;-1040.267;0;266.5657;0;;
2023-10-18 16:42:18.753;-560.1508;1.304999;-1040.195;0;266.1664;0;;
2023-10-18 16:42:19.280;-560.1223;1.304999;-1040.193;0;266.0607;0;;
2023-10-18 16:42:19.809;-561.4897;1.304999;-1040.135;0;264.9747;0;;
2023-10-18 16:42:20.343;-562.877;1.304999;-1040.324;0;258.6986;0;;
2023-10-18 16:42:20.891;-563.4672;1.304999;-1040.462;0;255.0602;0;;
2023-10-18 16:42:21.411;-563.9431;1.304999;-1040.47;0;255.4353;0;;
2023-10-18 16:42:21.943;-565.2736;1.304999;-1040.369;0;256.4929;0;;
2023-10-18 16:42:22.477;-566.7587;1.304999;-1040.661;0;256.4929;0;;
2023-10-18 16:42:23.005;-567.6672;1.304999;-1040.594;0;256.4929;0;;
2023-10-18 16:42:23.531;-568.3791;1.304999;-1040.584;0;256.4929;0;;
2023-10-18 16:42:24.052;-569.0714;1.305;-1040.811;0;256.4929;0;;
2023-10-18 16:42:24.578;-569.2567;1.304999;-1041.406;0;256.4929;0;;
2023-10-18 16:42:25.108;-570.2233;1.304999;-1042.26;0;256.4929;0;;
2023-10-18 16:42:25.614;-571.6821;1.305;-1042.608;0;256.4929;0;;
2023-10-18 16:42:26.131;-573.1992;1.305;-1042.97;0;256.4929;0;;
2023-10-18 16:42:26.641;-574.6871;1.305;-1043.325;0;256.4929;0;;
2023-10-18 16:42:27.054;-575.9124;1.305;-1043.617;0;256.4929;0;;mapLog:isScreenLocked+False
2023-10-18 16:42:27.096;-576.0291;1.305;-1043.645;0;256.4929;0;;mapLog:positionXYZ+-530.6581+100+-1161.928
2023-10-18 16:42:27.148;-576.175;1.305;-1043.68;0;256.4929;0;;
2023-10-18 16:42:27.646;-577.6337;1.305;-1044.028;0;256.4929;0;;
2023-10-18 16:42:28.179;-579.18;1.305;-1044.397;0;256.4929;0;;
2023-10-18 16:42:28.219;-579.2967;1.305;-1044.424;0;256.4929;0;;mapLog:positionXYZ+-530.6581+100+-1161.928
2023-10-18 16:42:28.662;-580.5804;1.305;-1044.731;0;256.4929;0;;mapLog:positionXYZ+-552.1547+100+-1067.498
2023-10-18 16:42:28.720;-580.7543;1.305;-1044.772;0;256.4929;0;;
2023-10-18 16:42:29.231;-581.9208;1.305;-1045.006;0;263.2853;0;;
2023-10-18 16:42:29.779;-582.3462;1.305;-1045.035;0;272.6359;0;;
2023-10-18 16:42:30.283;-582.481;1.305;-1045.018;0;281.1364;0;;
2023-10-18 16:42:30.798;-582.7499;1.305;-1044.943;0;289.977;0;;
2023-10-18 16:42:31.311;-583.0214;1.305;-1044.82;0;298.6474;0;;
2023-10-18 16:42:31.833;-583.3019;1.305;-1044.638;0;307.4881;0;;
2023-10-18 16:42:32.361;-583.5207;1.305001;-1044.622;0;316.4987;0;;
2023-10-18 16:42:32.875;-583.6856;1.305002;-1044.662;0;325.1692;0;;
2023-10-18 16:42:33.419;-583.8781;1.305002;-1044.683;0;333.9609;0;;
2023-10-18 16:42:33.972;-584.0031;1.305002;-1044.761;0;341.494;0;;
2023-10-18 16:42:34.526;-584.2103;1.305;-1043.631;0;342.1572;0;;
2023-10-18 16:42:35.065;-584.2526;1.305;-1042.24;0;342.1572;0;;
2023-10-18 16:42:35.594;-584.8566;1.306941;-1041.034;0;342.1572;0;;
2023-10-18 16:42:36.115;-585.2986;1.191545;-1039.445;0;342.1572;0;;
2023-10-18 16:42:36.649;-585.7963;1.155;-1037.903;0;342.1572;0;;
2023-10-18 16:42:37.176;-586.2755;1.155;-1036.418;0;342.1572;0;;
2023-10-18 16:42:37.692;-586.7548;1.155;-1034.932;0;342.1572;0;;
2023-10-18 16:42:38.200;-587.2248;1.155;-1033.475;0;342.1572;0;;
2023-10-18 16:42:38.711;-587.6948;1.155;-1032.019;0;342.1572;0;;
2023-10-18 16:42:38.832;-587.8054;1.155;-1031.676;0;342.1572;0;;mapLog:isScreenLocked+True
2023-10-18 16:42:39.217;-588.1556;1.155;-1030.59;0;342.1572;0;;
2023-10-18 16:42:39.780;-588.681;1.155;-1028.962;0;342.1572;0;;
2023-10-18 16:42:39.962;-588.8469;1.155;-1028.448;0;342.1572;0;;mapLog:isScreenLocked+False
2023-10-18 16:42:40.024;-588.9022;1.155;-1028.277;0;342.1572;0;;mapLog:positionXYZ+-552.2648+100+-1064.773
2023-10-18 16:42:40.331;-589.1879;1.155;-1027.391;0;342.1572;0;;
2023-10-18 16:42:40.863;-589.6763;1.155;-1025.877;0;342.1572;0;;
2023-10-18 16:42:41.398;-590.174;1.155;-1024.335;0;342.1572;0;;
2023-10-18 16:42:41.919;-590.6815;1.155;-1022.861;0;338.5572;0;;
2023-10-18 16:42:42.428;-591.3196;1.155;-1021.473;0;331.9819;0;;
2023-10-18 16:42:42.979;-592.1794;1.155;-1020.068;0;325.0719;0;;
2023-10-18 16:42:43.527;-593.2002;1.155;-1018.775;0;318.3484;0;;
2023-10-18 16:42:44.040;-594.275;1.155;-1017.688;0;312.2672;0;;
2023-10-18 16:42:44.542;-595.434;1.155;-1016.739;0;306.3466;0;;
2023-10-18 16:42:45.083;-596.7885;1.155;-1015.853;0;300.018;0;;
2023-10-18 16:42:45.590;-598.1465;1.155;-1015.151;0;295.6643;0;;
2023-10-18 16:42:46.101;-599.5252;1.155;-1014.491;0;296.0477;0;;
2023-10-18 16:42:46.610;-600.4337;1.15588;-1014;0;303.5611;0;;
2023-10-18 16:42:47.146;-600.9539;1.155;-1013.632;0;312.7384;0;;
2023-10-18 16:42:47.663;-602.0557;1.155;-1012.571;0;314.0688;0;;
2023-10-18 16:42:48.167;-603.1845;1.155;-1011.575;0;314.0688;0;;
2023-10-18 16:42:48.669;-604.2761;1.155;-1010.552;0;314.0688;0;;
2023-10-18 16:42:49.215;-605.4611;1.155;-1009.404;0;314.0688;0;;
2023-10-18 16:42:49.759;-606.6245;1.155;-1008.277;0;314.0688;0;;
2023-10-18 16:42:50.305;-607.7528;1.274155;-1007.129;0;314.0688;0;;
2023-10-18 16:42:50.355;-607.8564;1.294986;-1007.024;0;314.0688;0;;mapLog:isScreenLocked+True
2023-10-18 16:42:50.814;-608.8251;1.304999;-1006.085;0;314.0688;0;;
2023-10-18 16:42:51.321;-609.9238;1.304999;-1005.02;0;314.2978;0;;
2023-10-18 16:42:51.869;-611.0236;1.305;-1003.794;0;322.7934;0;;
2023-10-18 16:42:52.399;-612.0508;1.305;-1002.676;0;331.804;0;;
2023-10-18 16:42:52.926;-612.6924;1.305;-1001.224;0;340.524;0;;
2023-10-18 16:42:53.428;-613.1031;1.305;-999.7842;0;347.4264;0;;
2023-10-18 16:42:53.929;-613.3619;1.305;-998.3088;0;352.697;0;;
2023-10-18 16:42:54.459;-613.4897;1.305;-996.7263;0;358.0931;0;;
2023-10-18 16:42:54.966;-613.4857;1.305;-995.201;0;1.953759;0;;
2023-10-18 16:42:55.485;-613.4259;1.305;-993.6459;0;2.203698;0;;
2023-10-18 16:42:56.013;-613.3644;1.305;-992.0608;0;2.203698;0;;
2023-10-18 16:42:56.535;-613.3041;1.305;-990.5056;0;2.203698;0;;
2023-10-18 16:42:57.072;-613.2427;1.305;-988.9205;0;2.203698;0;;
2023-10-18 16:42:57.613;-613.1801;1.305;-987.3055;0;2.203698;0;;
2023-10-18 16:42:58.152;-613.0999;1.305;-985.693;0;2.203698;0;;
2023-10-18 16:42:58.685;-613.0372;1.305;-984.078;0;2.203698;0;;
2023-10-18 16:42:59.206;-612.9175;1.305;-982.7209;0;2.203698;0;;
2023-10-18 16:42:59.727;-612.1926;1.305;-982.1674;0;2.203698;0;;
2023-10-18 16:43:00.228;-612.0474;1.304999;-980.6921;0;2.203698;0;;
2023-10-18 16:43:00.742;-611.9882;1.304999;-979.1669;0;2.203698;0;;
2023-10-18 16:43:01.256;-611.9291;1.304999;-977.6416;0;2.203698;0;;
2023-10-18 16:43:01.766;-611.8688;1.304999;-976.0864;0;2.203698;0;;
2023-10-18 16:43:02.276;-612.0674;1.304999;-975.004;0;2.203698;0;;
2023-10-18 16:43:02.377;-612.2255;1.304999;-974.8785;0;2.203698;0;;mapLog:isScreenLocked+False
2023-10-18 16:43:02.807;-611.9842;1.304999;-974.8092;0;2.203698;0;;
2023-10-18 16:43:03.318;-611.9836;1.304999;-974.7217;0;2.203698;0;;
2023-10-18 16:43:03.728;-611.9835;1.304999;-974.7111;0;2.203698;0;;mapLog:positionXYZ+-552.2648+100+-1064.773
2023-10-18 16:43:03.780;-611.9835;1.304999;-974.7111;0;2.203698;0;checkedIn:Fly High Coffee;
2023-10-18 16:43:03.780;-611.9835;1.304999;-974.7111;0;2.203698;0;DEBUG_IGNORE_ME: scenario_selected.gameTasks.Count = 0;
2023-10-18 16:43:03.831;-611.9835;1.304999;-974.7111;0;2.203698;0;;mapLog:positionXYZ+-548.9642+100+-1065.3
2023-10-18 16:43:03.833;-611.9835;1.304999;-974.7111;0;2.203698;0;;
2023-10-18 16:43:04.344;-611.9835;1.304999;-974.7111;0;2.203698;0;;
2023-10-18 16:43:04.855;-611.9835;1.304999;-974.7111;0;2.203698;0;;
2023-10-18 16:43:05.366;-611.8778;1.304999;-974.6493;0;2.203698;0;;
2023-10-18 16:43:05.874;-611.7744;1.304999;-974.619;0;2.203698;0;;
2023-10-18 16:43:06.376;-611.7665;1.304999;-974.6187;0;2.203698;0;;
2023-10-18 16:43:06.887;-611.7665;1.304999;-974.6187;0;2.203698;0;;
2023-10-18 16:43:07.397;-611.7665;1.304999;-974.6187;0;2.203698;0;;
2023-10-18 16:43:07.910;-611.7665;1.304999;-974.6187;0;2.203698;0;;
2023-10-18 16:43:08.426;-611.5822;1.304999;-974.5386;0;2.203698;0;;
2023-10-18 16:43:08.939;-611.5822;1.304999;-974.5386;0;2.203698;0;;
2023-10-18 16:43:09.454;-611.5822;1.304999;-974.5386;0;2.203698;0;;
2023-10-18 16:43:09.606;-611.5822;1.304999;-974.5386;0;2.203698;0;;mapLog:positionXYZ+-548.9642+100+-1065.3
2023-10-18 16:43:09.968;-611.5822;1.304999;-974.5386;0;2.203698;0;;
2023-10-18 16:43:10.482;-611.5822;1.304999;-974.5386;0;2.203698;0;;
2023-10-18 16:43:10.998;-611.5822;1.304999;-974.5386;0;2.203698;0;;
2023-10-18 16:43:11.206;-611.5822;1.304999;-974.5386;0;2.203698;0;;mapLog:positionXYZ+-584.918+100+-1118.587
2023-10-18 16:43:11.521;-611.5822;1.304999;-974.5386;0;2.203698;0;;
2023-10-18 16:43:12.045;-611.6012;1.304999;-975.0458;0;2.203698;0;;
2023-10-18 16:43:12.567;-611.5955;1.304999;-974.8979;0;2.203698;0;;
2023-10-18 16:43:13.090;-611.537;1.304999;-973.3879;0;2.203698;0;;
